Difficulty,Avg Path Length,Avg Time
1,65.80000000000004,20.330304670333863
2,68.4000000000001,21.295500469207763
3,64.0,20.011699748039245
4,66.30000000000004,21.417535924911498
5,67.30000000000005,21.397380900382995
6,79.49999999999999,25.495935368537904
7,68.39999999999996,22.03765959739685
8,80.00000000000001,27.18229718208313
9,78.60000000000001,25.74853310585022
10,70.52289159748986,26.601203560829163
