Difficulty,Avg Path Length,Avg Time
1,62.70000000000009,19.36683750152588
2,63.8,19.818877601623534
3,64.60000000000001,20.24767932891846
4,68.13495045864319,22.845313382148742
5,65.39999999999998,20.797345089912415
6,65.51468159962293,24.49125771522522
7,64.28579185108813,24.165530729293824
8,75.43533244632299,29.56938226222992
9,66.34219887926771,27.336249423027038
10,77.35194615191723,33.25510182380676
