Difficulty,Avg Path Length,Avg Time
1,65.39999999999999,20.157272982597352
2,65.80000000000004,20.39803123474121
3,64.39999999999999,20.04618046283722
4,65.90000000000006,20.698152256011962
5,66.8,21.30402970314026
6,65.10000000000002,20.79695599079132
7,67.7,21.759612035751342
8,65.73219987302319,25.373017406463624
9,68.89999999999998,22.51091604232788
10,69.88851076072729,26.86861894130707
