Difficulty,Avg Path Length,Avg Time
1,64.29999999999997,17.684839963912964
2,67.00000000000004,18.9737224817276
3,62.5,17.582040309906006
4,66.60000000000002,18.5743177652359
5,65.89999999999999,18.548310017585756
6,64.49999999999999,18.25797176361084
7,66.09999999999995,18.85486695766449
8,69.5,20.06810779571533
9,72.89999999999998,21.186155462265013
10,67.29999999999997,19.704462361335754
