Level,Avg Path Length,Avg Time
1,62.000000000000014,34.22846434116364
2,62.000000000000014,34.60945901870728
3,62.000000000000014,35.25037398338318
4,62.000000000000014,35.98345587253571
5,67.89999999999999,38.944653916358945
6,67.89999999999999,38.60262842178345
7,67.89999999999998,40.03020851612091
8,58.39999999999996,34.04085099697113
9,58.399999999999935,38.43864271640778
10,59.199999999999946,38.72017693519592
