Difficulty,Avg Path Length,Avg Time
1,65.60000000000001,74.20257143974304
2,65.60000000000001,75.75778768062591
3,65.99999999999999,77.29625082015991
4,65.90000000000005,77.87338845729828
5,65.60000000000001,78.4224110364914
6,65.90000000000005,79.60964679718018
7,65.60000000000001,81.95437178611755
8,65.79999999999995,85.76227340698242
9,65.60000000000001,87.22329514026642
10,65.8,88.41280596256256
