Difficulty,Avg Path Length,Avg Time
1,57.999999999999986,17.095321226119996
2,66.70000000000003,18.450171327590944
3,62.89999999999998,17.56531536579132
4,62.499999999999986,17.562589406967163
5,63.39999999999998,17.945121192932127
6,64.60000000000001,18.404854106903077
7,61.89999999999999,17.766635012626647
8,59.800000000000026,17.380022072792052
9,66.50000000000003,19.451335549354553
10,67.49999999999999,19.887372851371765
