Difficulty,Avg Path Length,Avg Time
1,56.59999999999998,27.7788063287735
2,58.09999999999992,28.77646028995514
3,59.79999999999997,29.885175228118896
4,58.79999999999999,29.370088148117066
5,56.59999999999998,28.5322105884552
6,59.8,30.262003207206725
7,59.7,30.38847424983978
8,57.0,29.24472885131836
9,65.19999999999996,33.49705533981323
10,60.10000000000001,31.122129678726196
