Level,Dynamic Obstacles,Avg Path Length,Avg Time,Success Rate
1,1,54.575999999993556,98.16542584896088,1.0
2,2,54.5759999999981,100.43723034858704,1.0
3,3,54.5759999999981,103.93595876693726,1.0
4,4,54.5759999999981,106.53839721679688,1.0
5,5,54.5759999999981,109.70962023735046,1.0
6,6,54.5759999999981,113.18785228729249,1.0
7,7,54.5759999999981,115.98248767852783,1.0
8,8,54.5759999999981,119.46812381744385,1.0
9,9,inf,inf,0.0
10,10,inf,inf,0.0
