Difficulty,Avg Path Length,Avg Time
1,62.36100000000012,7.20259838104248
2,64.38750000000039,12.954033946990966
3,62.36000000000011,7.246197819709778
4,69.50900000000014,12.180828070640564
5,66.26200000000048,22.55288186073303
6,70.36850000000014,16.438719201087952
7,72.4650000000005,24.369684982299805
8,75.21750000000092,28.680470013618468
9,70.15450000000077,27.81832869052887
10,68.97400000000006,12.131463503837585
