Level,Dynamic Obstacles,Avg Path Length,Avg Time,Success Rate
1,1,0.0,21.7269056558609,1.0
2,2,0.0,21.927120971679688,1.0
3,3,0.0,21.793393683433532,1.0
4,4,0.0,21.942989420890807,1.0
5,5,0.0,22.243915224075316,1.0
6,6,0.0,22.06153483390808,1.0
7,7,0.0,35.11384718418121,1.0
8,8,0.0,34.993696975708005,1.0
9,9,0.0,35.34851913452148,1.0
10,10,0.0,35.269549417495725,1.0
