Difficulty,Avg Path Length,Avg Time
1,58.104000000000056,16.937320590019226
2,58.71000000000008,17.89173173904419
3,60.32700000000024,15.103663849830628
4,60.11450000000018,17.090760040283204
5,63.10450000000003,24.17573003768921
6,68.609500000000125,29.417398595809935
7,71.68250000000066,90.38901960849762
8,66.05350000000013,47.763195943832397
9,62.94900000000011,43.378160738945006
10,70.25115000000702,90.00991327762604
