Difficulty,Avg Path Length,Avg Time
1,58.10500000000003,6.875022339820862
2,61.11250000000028,13.313274908065797
3,58.479,6.832950139045716
4,59.01250000000001,11.67408001422882
5,65.40850000000002,11.124510955810546
6,80.15800000000024,19.913186764717103
7,60.77050000000018,13.75726227760315
8,65.37550000000014,10.733488941192627
9,61.851000000000326,17.064903712272645
10,87.47250000000189,37.44151668548584
