Difficulty,Avg Path Length,Avg Time
1,61.8,0.005099892616271973
2,61.89999999999999,0.008100152015686035
3,63.499999999999986,0.03985121250152588
4,65.29999999999997,0.02405099868774414
5,64.00000000000001,0.06675133705139161
6,63.70000000000003,0.06015114784240723
7,63.9999999999999,0.08371798992156983
8,65.80000000000004,0.14315226078033447
9,65.0,0.12575840950012207
10,71.90000000000005,0.28817405700683596
